Bucket,Sender (name),Sender (address),Recipient (name),Recipient (address),Chain,Amount,Asset,Tx Hash,Date,Notes,Address verified
AW,Abacus Works,0xa7ECcdb9Be08178f896c26b7BbD8C3D4E844d9Ba,Employee Safe-3,0xD3cB2dB894f2c6064DD6a5286C9c7E517Ca528B5,Ethereum,4250000,stHYPER,,,,
AW,Abacus Works,0xa7ECcdb9Be08178f896c26b7BbD8C3D4E844d9Ba,Employee Safe-70,0x0aaa7052e4283f3B609C9f946c714195e071A926,Ethereum,8958333,HYPER,,,,
AW,Abacus Works,0xa7ECcdb9Be08178f896c26b7BbD8C3D4E844d9Ba,Investor Safe-71,0xa9150b294b6e3d9AE498f248aC1768B2F1e5a81a,Ethereum,234925.18,HYPER,,,,
AW,Abacus Works,0xa7ECcdb9Be08178f896c26b7BbD8C3D4E844d9Ba,Investor Safe-72,0x43cA1a6879e51522769Fe2C81fF29507fC416729,Ethereum,287282.4,HYPER,,,,
AW,Abacus Works,0xa7ECcdb9Be08178f896c26b7BbD8C3D4E844d9Ba,Investor Safe-73,0x3E414CE4f887a09D8Fcfa42B18b3b13EC4062e83,Ethereum,71820.6,HYPER,,,,
AW,Abacus Works,0xa7ECcdb9Be08178f896c26b7BbD8C3D4E844d9Ba,Investor Safe-74,0xde66da24cfF2d6b6F86E2A3edf3C2f4eAb1c9C7e,Ethereum,47880.4,HYPER,,,,
AW,Abacus Works,0xa7ECcdb9Be08178f896c26b7BbD8C3D4E844d9Ba,Investor Safe-75,0x83ca5fCc94A02d0CD64df344F11202914e85C741,Ethereum,23940.2,HYPER,,,,
AW,Abacus Works,0xa7ECcdb9Be08178f896c26b7BbD8C3D4E844d9Ba,Investor Safe-76,0xdC17ea4eb65aba1a418862231CDA465b87fe2Ea8,Ethereum,47880.4,HYPER,,,,
AW,Abacus Works,0xa7ECcdb9Be08178f896c26b7BbD8C3D4E844d9Ba,Investor Safe-77,0x6BB3ce44e1Dcc8bF117c8119524acA6E061986A9,Ethereum,143641.2,HYPER,,,,
AW,Abacus Works,0xa7ECcdb9Be08178f896c26b7BbD8C3D4E844d9Ba,Investor Safe-78,0xaAE574311280FA98BcA9e08229584D96AE859E0A,Ethereum,47880.4,HYPER,,,,
AW,Abacus Works,0xa7ECcdb9Be08178f896c26b7BbD8C3D4E844d9Ba,Investor Safe-79,0xaC57448A84Ec10d01e94FB469E29ca6a39A21278,Ethereum,95760.8,HYPER,,,,
AW,Abacus Works,0xa7ECcdb9Be08178f896c26b7BbD8C3D4E844d9Ba,Investor Safe-80,0xD9019E11c71e17D36C08ae524e67E7901dC7BA3A,Ethereum,47794.22,HYPER,,,,
